SourcesNumber,Real Part of Electric Field-1,Real Part of Electric Field-2,Real Part of Electric Field-3,Real Part of Electric Field-4,Real Part of Electric Field-5,Real Part of Electric Field-6,Real Part of Electric Field-7,Real Part of Electric Field-8,Real Part of Electric Field-9,Real Part of Electric Field-10,Real Part of Magnetic Field-1,Real Part of Magnetic Field-2,Real Part of Magnetic Field-3,Real Part of Magnetic Field-4,Real Part of Magnetic Field-5,Real Part of Magnetic Field-6,Real Part of Magnetic Field-7,Real Part of Magnetic Field-8,Real Part of Magnetic Field-9,Real Part of Magnetic Field-10
1,-9.599617297,-10.96211555,-13.23615016,-15.33712174,-16.47384535,-16.31642774,-14.90604586,-12.67543385,-10.51864615,-9.509400811,48.7924648,26.28175763,-4.532791109,-14.23965214,-9.220649055,-10.16825798,-17.69259365,-11.22246186,19.1977158,47.17224818
1,-17.21446098,-15.80321648,-15.97546103,-17.64030639,-19.96091933,-21.90572255,-22.74438384,-22.20351668,-20.45643586,-18.13524176,11.23372513,52.32279284,60.15228888,29.01861226,-5.619513846,-18.90102616,-20.60225324,-26.41351612,-28.47795022,-6.197488926
1,-11.32351394,-12.13869335,-11.52720684,-9.53264054,-6.593438171,-3.977835003,-3.270155817,-4.958520876,-7.918158878,-10.55250689,-8.027023255,6.860751529,4.209472089,-8.102188968,-3.794159148,26.12859801,43.51571354,17.93586256,-13.45977743,-14.79977165
2,-34.13888374,-23.59006043,-11.53668749,-4.718367978,-8.731227723,-21.08616012,-33.53605785,-40.50940334,-41.458414,-37.33513279,16.36732119,9.480597998,64.16454045,141.5054567,92.17041844,-41.82545486,-74.13051992,-10.17070578,41.29348823,29.60758251
2,-38.35466915,-41.32894182,-43.24987974,-43.26771622,-41.01273458,-37.28015773,-33.96468458,-32.81149222,-34.14347244,-36.99215755,28.50129667,42.22238081,17.59635552,-26.80543822,-42.25062765,-7.162083472,41.09140001,45.19959357,19.25938346,19.39506561
2,3.831455492,11.94955975,7.028238185,-5.790575306,-15.84594932,-19.91306824,-20.62621296,-19.25922738,-13.53483898,-1.798712368,14.62497402,128.2898147,48.64393706,-71.80326969,-66.2752926,20.75229268,78.766921,61.97083563,12.14851795,-9.611705573
