,Line source 1 distance,Line source 1 angle,Line source 1 strength,Line source 2 distance,Line source 2 angle,Line source 2 strength,Real Part of Electric Field-1,Real Part of Electric Field-2,Real Part of Electric Field-3,Real Part of Electric Field-4,Real Part of Electric Field-5,Real Part of Electric Field-6,Real Part of Electric Field-7,Real Part of Electric Field-8,Real Part of Electric Field-9,Real Part of Electric Field-10,Real Part of Magnetic Field-1,Real Part of Magnetic Field-2,Real Part of Magnetic Field-3,Real Part of Magnetic Field-4,Real Part of Magnetic Field-5,Real Part of Magnetic Field-6,Real Part of Magnetic Field-7,Real Part of Magnetic Field-8,Real Part of Magnetic Field-9,Real Part of Magnetic Field-10
0,0.959958277,-2.887623984,2,0.968166745,-3.048305146,2,-8.616071999,-8.45620082,-6.922145116,-2.218634128,4.742320197,8.198387711,4.387140785,-2.565222845,-7.069426469,-8.482959462,31.51459676,38.89497093,21.76894443,-1.373110098,10.90700996,65.93315237,5.354157132,-41.91386656,-26.20461268,17.46856044
1,0.476501903,2.288960467,2,0.452456973,0.742177437,2,-6.878050625,-4.290757897,-2.865113789,-3.184791847,-5.180703156,-8.011367463,-10.35531947,-11.2288152,-10.35244839,-8.064369708,12.20986701,21.15486272,17.00933024,14.45874265,10.05084368,-1.575771864,-4.653206673,0.40005501,4.573112616,8.421803389
2,0.365748311,-1.939358858,2,0.634478661,0.170752432,2,-3.49458965,-5.102195094,-7.820231892,-9.751309027,-9.868228318,-8.582244956,-6.903655892,-5.445001314,-4.16922535,-3.399055509,17.45228271,17.62479173,-4.491518753,-14.34699692,-4.655685668,14.71143444,29.40470206,21.49322299,0.965096143,8.011311727
3,0.178391172,1.097897936,2,0.597103939,2.787904234,2,-9.652403534,-8.12815935,-6.06578635,-3.998388957,-3.259917701,-4.764936599,-7.570267371,-9.813402573,-10.58410657,-10.10945587,13.45316793,16.94466805,13.06393012,13.85609445,25.2899089,11.83342962,-12.94563802,-17.61176921,-4.800208249,9.469485747
4,0.383187587,0.154092871,2,0.585331778,-1.548548164,2,-4.491858637,-6.696937849,-8.978026717,-10.56779055,-10.69913769,-9.006037823,-6.069324635,-3.517195341,-2.742763849,-3.729312064,5.93312502,9.062168242,5.597978124,2.273764189,1.796354845,2.415250776,10.83817748,24.27247976,13.69063187,4.515125731
