,Line source 1 distance,Line source 1 angle,Line source 1 strength,Line source 2 distance,Line source 2 angle,Line source 2 strength,Real Part of Electric Field-1,Real Part of Electric Field-2,Real Part of Electric Field-3,Real Part of Electric Field-4,Real Part of Electric Field-5,Real Part of Electric Field-6,Real Part of Electric Field-7,Real Part of Electric Field-8,Real Part of Electric Field-9,Real Part of Electric Field-10,Real Part of Magnetic Field-1,Real Part of Magnetic Field-2,Real Part of Magnetic Field-3,Real Part of Magnetic Field-4,Real Part of Magnetic Field-5,Real Part of Magnetic Field-6,Real Part of Magnetic Field-7,Real Part of Magnetic Field-8,Real Part of Magnetic Field-9,Real Part of Magnetic Field-10
0,0.959958277,-2.887623984,2.159085491,0.968166745,-3.048305146,2.156612292,-9.296114312,-9.12367603,-7.468707826,-2.394238606,5.116102756,8.845425553,4.733859514,-2.767229735,-7.627200918,-9.152467553,33.99990641,41.96535886,23.48865168,-1.480228462,11.76407518,71.13676432,5.782549889,-45.22081569,-28.27572822,18.84426445
1,0.881911289,1.800170318,2.0557858,0.838410547,-2.187045001,2.122718679,-8.126491078,-5.892591531,-2.56907378,-1.01919377,-1.333976537,-1.228183154,-0.976089719,-2.822673403,-6.190750325,-8.189551204,-2.988221825,10.31328657,35.68539348,42.14834324,-5.934104371,-18.09675347,25.00600972,26.47832818,1.40577678,-6.081942698
2,0.952658549,-1.726140757,2.002819753,0.417037207,2.622709761,1.924441328,-8.52269871,-8.834723212,-7.428922733,-5.592718418,-3.972694656,-2.222262414,-0.521820134,-0.860148273,-4.065703285,-7.619741325,-13.92835538,-2.285152084,14.23697132,29.47022013,32.58862277,8.897800549,1.377833249,23.41864398,-0.643394558,-14.48725353
3,0.098205754,0.642096986,2.087546384,0.264035889,2.241673908,1.959498809,-9.123082674,-7.951284162,-6.949792766,-6.616447814,-7.215772141,-8.467910218,-9.706584719,-10.37264388,-10.28707884,-9.564688321,4.60771379,8.988788548,14.86884526,20.05008423,13.79702224,-2.237745252,-12.65024587,-11.33246523,-4.166476895,2.454221692
4,0.178391172,1.097897936,1.928746375,0.508096231,-2.76005859,2.166378799,-10.11936227,-9.575440424,-8.632918579,-7.24576005,-5.602024929,-4.721499541,-5.573167266,-7.663476466,-9.486227002,-10.15743985,4.737415448,22.94496015,20.10370203,3.822656368,2.427738568,21.7620481,18.34660816,-8.784867808,-20.33044468,-5.503627296
