,Line source 1 distance,Line source 1 angle,Line source 1 strength,Real Part of Electric Field-1,Real Part of Electric Field-2,Real Part of Electric Field-3,Real Part of Electric Field-4,Real Part of Electric Field-5,Real Part of Electric Field-6,Real Part of Electric Field-7,Real Part of Electric Field-8,Real Part of Electric Field-9,Real Part of Electric Field-10,Real Part of Magnetic Field-1,Real Part of Magnetic Field-2,Real Part of Magnetic Field-3,Real Part of Magnetic Field-4,Real Part of Magnetic Field-5,Real Part of Magnetic Field-6,Real Part of Magnetic Field-7,Real Part of Magnetic Field-8,Real Part of Magnetic Field-9,Real Part of Magnetic Field-10
0,0.163691311,6.062801664,6.136467652,-9.599617297,-10.96211555,-13.23615016,-15.33712174,-16.47384535,-16.31642774,-14.90604586,-12.67543385,-10.51864615,-9.509400811,48.7924648,26.28175763,-4.532791109,-14.23965214,-9.220649055,-10.16825798,-17.69259365,-11.22246186,19.1977158,47.17224818
1,0.112763991,0.932219144,8.867765282,-17.21446098,-15.80321648,-15.97546103,-17.64030639,-19.96091933,-21.90572255,-22.74438384,-22.20351668,-20.45643586,-18.13524176,11.23372513,52.32279284,60.15228888,29.01861226,-5.619513846,-18.90102616,-20.60225324,-26.41351612,-28.47795022,-6.197488926
2,0.325654911,3.85592835,4.050652711,-11.32351394,-12.13869335,-11.52720684,-9.53264054,-6.593438171,-3.977835003,-3.270155817,-4.958520876,-7.918158878,-10.55250689,-8.027023255,6.860751529,4.209472089,-8.102188968,-3.794159148,26.12859801,43.51571354,17.93586256,-13.45977743,-14.79977165
3,0.175251526,4.061441725,5.498616244,-13.83484746,-14.91112244,-14.75946448,-13.41756153,-11.28473959,-9.211630386,-8.240243968,-8.922341661,-10.86648799,-13.06469249,-13.18819954,-7.299977957,-7.762056101,-15.26389002,-10.14869833,17.636493,43.4787102,35.56604968,5.179963098,-12.66139432
4,0.275239068,1.482576111,8.353953141,-16.83763841,-11.6768505,-8.762319998,-9.93606852,-14.43146322,-19.63526015,-23.28989112,-24.44968905,-22.9540573,-19.0237858,-19.16636347,22.47193042,77.62525622,65.67240448,1.694721523,-31.09350505,-13.34364751,7.689059756,-2.126147751,-20.84303468
